method,dataset,protocol,setting,metric,paper_mean,paper_std,paper_source,ours_mean,ours_std,n_runs,headline
EEGNet,BCI-IV-2a,cross-subject 5/2/2,"EEGNet-8,2 through CBraMod's fine-tuning pipeline",balanced_acc,0.4482,0.0094,Table 15,0.5288,0.0394,5,1
EEGNet,BCI-IV-2a,cross-subject 5/2/2,"EEGNet-8,2 through CBraMod's fine-tuning pipeline",kappa,0.2693,0.0121,Table 15,0.3718,0.0525,5,0
EEGNet,BCI-IV-2a,cross-subject 5/2/2,"EEGNet-8,2 through CBraMod's fine-tuning pipeline",weighted_f1,0.4226,0.0108,Table 15,0.5094,0.0491,5,0
CBraMod,BCI-IV-2a,cross-subject 5/2/2,fine-tuned from the released weights (paper defaults),balanced_acc,0.5138,0.0066,Table 15,0.4571,0.0399,5,1
CBraMod,BCI-IV-2a,cross-subject 5/2/2,fine-tuned from the released weights (paper defaults),kappa,0.3518,0.0094,Table 15,0.2762,0.0532,5,0
CBraMod,BCI-IV-2a,cross-subject 5/2/2,fine-tuned from the released weights (paper defaults),weighted_f1,0.4984,0.0085,Table 15,0.4138,0.0673,5,0
CBraMod,BCI-IV-2a,cross-subject 5/2/2,trained from random init,balanced_acc,,,,0.4561,0.0195,5,0
CBraMod,BCI-IV-2a,cross-subject 5/2/2,trained from random init,kappa,,,,0.2748,0.026,5,0
CBraMod,BCI-IV-2a,cross-subject 5/2/2,trained from random init,weighted_f1,,,,0.423,0.0276,5,0
CBraMod,BCI-IV-2a,cross-subject 5/2/2,"fine-tuned from the released weights (paper defaults), data from the pre-A04T-fix preprocessing (v0616)",balanced_acc,,,,0.4446,0.0186,5,0
CBraMod,BCI-IV-2a,cross-subject 5/2/2,"fine-tuned from the released weights (paper defaults), data from the pre-A04T-fix preprocessing (v0616)",kappa,,,,0.2595,0.0247,5,0
CBraMod,BCI-IV-2a,cross-subject 5/2/2,"fine-tuned from the released weights (paper defaults), data from the pre-A04T-fix preprocessing (v0616)",weighted_f1,,,,0.4012,0.0325,5,0
EEGNet,MentalArithmetic,cross-subject 28/4/4,"EEGNet-8,2 through CBraMod's fine-tuning pipeline",balanced_acc,0.677,0.0116,Table 12,0.5569,0.0247,5,1
EEGNet,MentalArithmetic,cross-subject 28/4/4,"EEGNet-8,2 through CBraMod's fine-tuning pipeline",pr_auc,0.5763,0.0102,Table 12,0.6104,0.1208,5,0
EEGNet,MentalArithmetic,cross-subject 28/4/4,"EEGNet-8,2 through CBraMod's fine-tuning pipeline",roc_auc,0.7321,0.0108,Table 12,0.7794,0.0866,5,0
CBraMod,MentalArithmetic,cross-subject 28/4/4,fine-tuned from the released weights (paper defaults),balanced_acc,0.7256,0.0132,Table 12,0.5889,0.0209,5,1
CBraMod,MentalArithmetic,cross-subject 28/4/4,fine-tuned from the released weights (paper defaults),pr_auc,0.6267,0.0099,Table 12,0.511,0.1096,5,0
CBraMod,MentalArithmetic,cross-subject 28/4/4,fine-tuned from the released weights (paper defaults),roc_auc,0.7905,0.0073,Table 12,0.7344,0.0515,5,0
CBraMod,MentalArithmetic,cross-subject 28/4/4,"fine-tuned, code-default seed 3407 only",balanced_acc,,,,0.6146,,1,0
CBraMod,MentalArithmetic,cross-subject 28/4/4,"fine-tuned, code-default seed 3407 only",pr_auc,,,,0.4563,,1,0
CBraMod,MentalArithmetic,cross-subject 28/4/4,"fine-tuned, code-default seed 3407 only",roc_auc,,,,0.6677,,1,0
CBraMod,MentalArithmetic,cross-subject 28/4/4,"fine-tuned, lr 5e-4 without multi_lr (issue #6)",balanced_acc,,,,0.5361,0.056,5,0
CBraMod,MentalArithmetic,cross-subject 28/4/4,"fine-tuned, lr 5e-4 without multi_lr (issue #6)",pr_auc,,,,0.3556,0.1022,5,0
CBraMod,MentalArithmetic,cross-subject 28/4/4,"fine-tuned, lr 5e-4 without multi_lr (issue #6)",roc_auc,,,,0.6583,0.0729,5,0
CBraMod,MentalArithmetic,cross-subject 28/4/4,trained from random init,balanced_acc,,,,0.5924,0.0403,5,0
CBraMod,MentalArithmetic,cross-subject 28/4/4,trained from random init,pr_auc,,,,0.4436,0.0499,5,0
CBraMod,MentalArithmetic,cross-subject 28/4/4,trained from random init,roc_auc,,,,0.6922,0.0146,5,0
EEGNet,Mumtaz2016,cross-subject 43/9/11,"EEGNet-8,2 through CBraMod's fine-tuning pipeline",balanced_acc,0.9232,0.0104,Table 10,0.8828,0.0295,5,1
EEGNet,Mumtaz2016,cross-subject 43/9/11,"EEGNet-8,2 through CBraMod's fine-tuning pipeline",pr_auc,0.9626,0.0095,Table 10,0.9596,0.0096,5,0
EEGNet,Mumtaz2016,cross-subject 43/9/11,"EEGNet-8,2 through CBraMod's fine-tuning pipeline",roc_auc,0.9639,0.0093,Table 10,0.954,0.0073,5,0
CBraMod,Mumtaz2016,cross-subject 43/9/11,fine-tuned from the released weights (paper defaults),balanced_acc,0.956,0.0056,Table 10,0.8933,0.0101,5,1
CBraMod,Mumtaz2016,cross-subject 43/9/11,fine-tuned from the released weights (paper defaults),pr_auc,0.9923,0.0032,Table 10,0.978,0.0049,5,0
CBraMod,Mumtaz2016,cross-subject 43/9/11,fine-tuned from the released weights (paper defaults),roc_auc,0.9921,0.0025,Table 10,0.977,0.0059,5,0
CBraMod,Mumtaz2016,cross-subject 43/9/11,trained from random init,balanced_acc,,,,0.8973,0.0115,5,0
CBraMod,Mumtaz2016,cross-subject 43/9/11,trained from random init,pr_auc,,,,0.9631,0.0045,5,0
CBraMod,Mumtaz2016,cross-subject 43/9/11,trained from random init,roc_auc,,,,0.9546,0.0073,5,0
EEGNet,PhysioNet-MI,cross-subject 70/19/20,"EEGNet-8,2 through CBraMod's fine-tuning pipeline",balanced_acc,0.5814,0.0125,Table 3,0.5948,0.0028,5,1
EEGNet,PhysioNet-MI,cross-subject 70/19/20,"EEGNet-8,2 through CBraMod's fine-tuning pipeline",kappa,0.4468,0.0199,Table 3,0.4597,0.0037,5,0
EEGNet,PhysioNet-MI,cross-subject 70/19/20,"EEGNet-8,2 through CBraMod's fine-tuning pipeline",weighted_f1,0.5796,0.0115,Table 3,0.5955,0.0023,5,0
CBraMod,PhysioNet-MI,cross-subject 70/19/20,"released weights, backbone frozen",balanced_acc,0.3845,0.0345,Table 18,0.537,0.012,5,0
CBraMod,PhysioNet-MI,cross-subject 70/19/20,"released weights, backbone frozen",kappa,0.2983,0.0498,Table 18,0.3826,0.016,5,0
CBraMod,PhysioNet-MI,cross-subject 70/19/20,"released weights, backbone frozen",weighted_f1,0.3946,0.0378,Table 18,0.5375,0.0128,5,0
CBraMod,PhysioNet-MI,cross-subject 70/19/20,fine-tuned from the released weights (paper defaults),balanced_acc,0.6417,0.0091,Table 3,0.6265,0.0054,5,1
CBraMod,PhysioNet-MI,cross-subject 70/19/20,fine-tuned from the released weights (paper defaults),kappa,0.5222,0.0169,Table 3,0.5019,0.0072,5,0
CBraMod,PhysioNet-MI,cross-subject 70/19/20,fine-tuned from the released weights (paper defaults),weighted_f1,0.6427,0.01,Table 3,0.6271,0.0051,5,0
CBraMod,PhysioNet-MI,cross-subject 70/19/20,trained from random init,balanced_acc,0.6196,0.0143,Table 4,0.5738,0.0082,5,0
CBraMod,PhysioNet-MI,cross-subject 70/19/20,trained from random init,kappa,0.4994,0.0289,Table 4,0.4317,0.0109,5,0
CBraMod,PhysioNet-MI,cross-subject 70/19/20,trained from random init,weighted_f1,0.6157,0.0145,Table 4,0.5767,0.0077,5,0
